INSERT INTO Branch VALUES
	(00000, 'First Floor', '123 Boston Harbor St.', 'Boston', 'MA', 'USA', DATE '1989-06-21', 2230, 20, 10, 365, 19080, 610, 31470);
INSERT INTO Branch VALUES
	(00001, 'First Floor', '54 Xuan Road', 'Boston', 'MA', 'USA', DATE '2001-12-16', 1850, 10, 40, 280, 14930, 560, 28090);
INSERT INTO Branch VALUES
	(00004, 'Second Floor', '901 Arbor Drive', 'Cambridge', 'MA', 'USA', DATE '2004-01-03', 2010, 20, 20, 320, 16770, 585, 30010);
INSERT INTO Branch VALUES
	(00007, 'Section 8A', '67 Prospect St.', 'Cambridge', 'MA', 'USA', DATE '2008-06-16', 1000, 0, 1250, 700, 34065, 1890, 76390);
INSERT INTO Branch VALUES
	(00011, 'First Floor', '17 Wonton Aisle', 'Somerville', 'MA', 'USA', DATE '2010-03-19', 1990, 15, 100, 410, 25010, 895, 46230);


INSERT INTO Supplier VALUES
(98201, '923 Sarah Park St.', 'Orton', 'ME', 'USA', '+1 (419)-239-7071');
INSERT INTO Supplier VALUES
(00239, '9 Barley Drive.', 'Warten', 'GA', 'USA', '+1 (983)-231-3817');
INSERT INTO Supplier VALUES
(36732, '2 Saint Peters Road', 'Wishton', 'MI', 'USA', '+1 (109)-002-1890');
INSERT INTO Supplier VALUES
(20541, '89 Waterton St.', 'Sarville', 'CT', 'USA', '+1 (190)-567-2340');
INSERT INTO Supplier VALUES
(98202, '34 Walker Park St.', 'Walkes', 'DE', 'USA', '+1 (555)-672-0004');


INSERT INTO Renovation VALUES
	(10000, 'Kitchen Reconstruction', 'Renovations to kitchen area to improve staff efficiency and replace old building elements');
INSERT INTO Renovation VALUES
	(10001, 'Wall Demolition', 'Demolition of old walls to replace old piping and wiring');
INSERT INTO Renovation VALUES
	(10002, 'Water Piping', 'Repiping of old water ducts and lines not up to modern code');
INSERT INTO Renovation VALUES
	(10003, 'Electric Wiring', 'Rewiring of old electrical wiring not up to modern code');
INSERT INTO Renovation VALUES
	(10004, 'Gas Lines', 'Repiping of old gas lines and ducts not up to modern code');
    
    
INSERT INTO Food VALUES
	('Wheat Noodles', 'Mix');
INSERT INTO Food VALUES
	('Gyhua Beef', 'Meat');
INSERT INTO Food VALUES
	('White Rice', 'Grain');
INSERT INTO Food VALUES
	('Tomato', 'Vegetable');
INSERT INTO Food VALUES
	('Beef Base', 'Soup');
INSERT INTO Food VALUES
	('Black Tea', 'Beverage');
INSERT INTO Food VALUES
	('Coca Cola', 'Beverage');
    
    
    
INSERT INTO Employee VALUES
	(00300, 'Jerry', 'A', 'Manchester', 'Apt 3', '23 Walton St.', 'Boston', 'MA', 'USA', '023930923', DATE '1999-12-10', DATE '2019-01-03', 'Yes', 25.50, 60000);
INSERT INTO Employee VALUES
	(00301, 'Ralph', 'M', 'Falter', 'First Floor', '109 Front St.', 'Boston', 'MA', 'USA', '982097878', DATE '2000-04-11', DATE '2020-06-19', 'Yes', 23.75, 55000);
INSERT INTO Employee VALUES
	(00302, 'Mary', 'S', 'Rosilair', 'Apt 7', '56 Wrightman Drive', 'Boston', 'MA', 'USA', '298029039', DATE '1987-07-18', DATE '2017-03-03', 'Yes', 26.50, 60000);
INSERT INTO Employee VALUES
	(00303, 'Sam', 'W', 'Stroller', 'Apt 2', '412 Fronter Road', 'Cambridge', 'MA', 'USA', '983098746', DATE '1996-12-10', DATE '2022-12-03', 'No', 13.50, 12000); 
INSERT INTO Employee VALUES
	(00304, 'Thai', 'N', 'Gwaru', 'Apt 5', '45 Cramer Drive', 'Boston', 'MA', 'USA', '023987624', DATE '1990-08-22', DATE '2020-01-08', 'Yes', 27.50, 72000);
    
    
INSERT INTO Appliance VALUES
	(00001, 'Cooker 1', 'Cooker');
INSERT INTO Appliance VALUES
	(00002, 'Cooker 2', 'Cooker');
INSERT INTO Appliance VALUES
	(00003, 'Cooker 3', 'Cooker');
INSERT INTO Appliance VALUES
	(00004, 'Cooker 4', 'Cooker');
INSERT INTO Appliance VALUES
	(00005, 'Cooker 5', 'Cooker');
INSERT INTO Appliance VALUES
	(00006, 'Insulator 1', 'Insulator');
INSERT INTO Appliance VALUES
	(00007, 'Insulator 2', 'Insulator');
INSERT INTO Appliance VALUES
	(00008, 'Insulator 3', 'Insulator');
INSERT INTO Appliance VALUES
	(00009, 'Insulator 4', 'Insulator');
INSERT INTO Appliance VALUES
	(00010, 'Insulator 5', 'Insulator');
INSERT INTO Appliance VALUES
	(00011, 'Rinse Basin 1', 'Rinse Basin');
INSERT INTO Appliance VALUES
	(00012, 'Rinse Basin 2', 'Rinse Basin');
INSERT INTO Appliance VALUES
	(00013, 'Rinse Basin 3', 'Rinse Basin');
INSERT INTO Appliance VALUES
	(00014, 'Rinse Basin 4', 'Rinse Basin');
INSERT INTO Appliance VALUES
	(00015, 'Rinse Basin 5', 'Rinse Basin');
INSERT INTO Appliance VALUES
	(00016, 'Fork', 'Utensil');
INSERT INTO Appliance VALUES
	(00017, 'Spoon', 'Utensil');
INSERT INTO Appliance VALUES
	(00018, 'Knife', 'Utensil');
INSERT INTO Appliance VALUES
	(00019, 'Plate', 'Utensil');
INSERT INTO Appliance VALUES
	(00020, 'Tray', 'Utensil');
    
    
INSERT INTO Construction VALUES
	(30000, 00000, 10000, DATE '2023-01-10', DATE '2023-03-10', 10000, 20000);
INSERT INTO Construction VALUES
	(30001, 00001, 10001, DATE '2022-01-10', DATE '2022-03-10', 15000, 27000);
INSERT INTO Construction VALUES
	(30002, 00004, 10002, DATE '2021-01-10', DATE '2021-03-10', 9000, 18000);
INSERT INTO Construction VALUES
	(30003, 00007, 10003, DATE '2019-01-10', DATE '2019-03-10', 8000, 15000);
INSERT INTO Construction VALUES
	(30004, 00011, 10004, DATE '2020-01-10', DATE '2023-03-10', 11000, 25000);
    

INSERT INTO Rinse_Basin VALUES
    (00011, 1.0, 4.2, 5.6, 3.64);
INSERT INTO Rinse_Basin VALUES
    (00012, 1.1, 5.2, 6.7, 2.76);
INSERT INTO Rinse_Basin VALUES
    (00013, 1.2, 6.2, 7.8, 5.19);
INSERT INTO Rinse_Basin VALUES
    (00014, 1.3, 7.93, 8.9, 1.99);
INSERT INTO Rinse_Basin VALUES
    (00015, 1.4, 8.94, 9.11, 2.45);


INSERT INTO Cooker VALUES
	(00001, 80, 80);
INSERT INTO Cooker VALUES
	(00002, 79, 67);
INSERT INTO Cooker VALUES
	(00003, 56, 89);
INSERT INTO Cooker VALUES
	(00004, 45, 43);
INSERT INTO Cooker VALUES
	(00005, 71, 34);
    

INSERT INTO Insulator VALUES
	(00006, -93, 40.34, 80.63, 17.73);
INSERT INTO Insulator VALUES
	(00007, -90, 34.64, 90.25, 12.63);
INSERT INTO Insulator VALUES
	(00008, -80, 56.54, 70.83, 13.23);
INSERT INTO Insulator VALUES
	(00009, -95, 40.74, 100.43, 15.26);
INSERT INTO Insulator VALUES
	(00010, -67, 20.82, 80.53, 10.23);
    
    
INSERT INTO Preparation VALUES
	(00001,00001,'Wheat Noodles',21);
INSERT INTO Preparation VALUES
	(00002,00002,'Gyhua Beef',23);
INSERT INTO Preparation VALUES
	(00003,00003,'White Rice',34);
INSERT INTO Preparation VALUES
	(00004,00004,'Tomato',45);
INSERT INTO Preparation VALUES
	(00005,00005,'Beef Base',67);


INSERT INTO Equipment VALUES
	(00001,00000,00001,23);
INSERT INTO Equipment VALUES
	(00002,00001,00002,12);
INSERT INTO Equipment VALUES
	(00003,00004,00003,45);
INSERT INTO Equipment VALUES
	(00004,00007,00004,2);
INSERT INTO Equipment VALUES
	(00005,00011,00005,4);
    
    
INSERT INTO Dish VALUES
	(00081, 'Orange Chicken', 0, 'No', 'No', 'No', 'No', 5.69, 13.99); 
INSERT INTO Dish VALUES
	(00093, 'Chuko Ramen', 1, 'No', 'No', 'No', 'No', 3.95, 10.99);
INSERT INTO Dish VALUES
	(00056, 'Spring Rolls', 0, 'No', 'No', 'No', 'No', 1.67, 6.50);
INSERT INTO Dish VALUES
	(00012, 'Machin Fish', 2, 'No', 'No', 'No', 'No', 8.95, 18.99);
INSERT INTO Dish VALUES
	(00003, 'Egg Fried Rice', 0, 'No', 'Yes', 'No', 'Yes', 4.57, 11.50);
    
    
INSERT INTO Ingredient VALUES
	(00001, 'Wheat Noodles', 00081, 5);
INSERT INTO Ingredient VALUES
	(00002, 'Gyhua Beef', 00093 , 10);
INSERT INTO Ingredient VALUES
	(00003, 'White Rice', 00056  , 1);
INSERT INTO Ingredient VALUES
	(00004, 'Tomato', 00012, 20);
INSERT INTO Ingredient VALUES
	(00005, 'Beef Base', 00003, 13);


INSERT INTO Menu VALUES
	(00001, 00081, 00000, 34);
INSERT INTO Menu VALUES
	(00002, 00093, 00001, 45);
INSERT INTO Menu VALUES
	(00003, 00056, 00004, 24);
INSERT INTO Menu VALUES
	(00004, 00012, 00007, 60);
INSERT INTO Menu VALUES
	(00005, 00003, 00011, 53);
    
    
INSERT INTO Staff VALUES
	(98000, 00300, 00000, 123);
INSERT INTO Staff VALUES
	(98001, 00301, 00001, 34);
INSERT INTO Staff VALUES
	(98002, 00302, 00004, 46);
INSERT INTO Staff VALUES
	(98003, 00303, 00007, 87);
INSERT INTO Staff VALUES
	(98004, 00304, 00011, 90);
    
    
INSERT INTO Appliance_Shipment VALUES
	(00001,98201,00001, DATE '2004-02-07', DATE '2000-04-07', 1780,12);
INSERT INTO Appliance_Shipment VALUES
	(00002,00239,00005, DATE '1999-03-11', DATE '2001-01-11',9000,5);
INSERT INTO Appliance_Shipment VALUES
	(00003,36732,00011,DATE '2002-12-13',DATE '2007-12-03',4080,11 );
INSERT INTO Appliance_Shipment VALUES
	(00004,20541,00016, DATE '2005-11-21',DATE '2003-08-09', 9305,17);
INSERT INTO Appliance_Shipment VALUES
	(00005,98202,00020,DATE '2000-04-21',DATE '2001-11-17',6591,3 );
    
    
INSERT INTO Food_Shipment VALUES
	(00500, 98201, 'Wheat Noodles', DATE '2023-02-02', DATE '2023-02-03', .53, 2.54, 150);
INSERT INTO Food_Shipment VALUES
	(00501, 00239, 'Gyhua Beef', DATE '2023-02-04', DATE '2023-02-05', 7.84, 16.98, 60);
INSERT INTO Food_Shipment VALUES
	(00502, 36732, 'White Rice', DATE '2023-02-07', DATE '2023-02-09', .34, 3.42, 200);
INSERT INTO Food_Shipment VALUES
	(00503, 20541, 'Tomato', DATE '2023-02-11', DATE '2023-02-12', .78, 4.32, 100);
INSERT INTO Food_Shipment VALUES
	(00504, 98202, 'Beef Base', DATE '2023-02-15', DATE '2023-02-16', .96, 6.12, 100);
INSERT INTO Food_Shipment VALUES
	(00505, 20541, 'Black Tea', DATE '2023-02-14', DATE '2023-02-15', .25, 2.50, 300);
INSERT INTO Food_Shipment VALUES
	(00506, 98202, 'Coca Cola', DATE '2023-02-17', DATE '2023-02-18', .36, 3.00, 250);
    
    
INSERT INTO Renovation_Permit VALUES 
    (10000, 'General Building Permit', 'Standard building permit under Section 110.0 of the Massachusetts State Building Code');
INSERT INTO Renovation_Permit VALUES
    (10001, 'Demolition Building Permit', 'Small-scale demolition permit'); 
INSERT INTO Renovation_Permit VALUES
    (10002, 'Water Reconnection Permit', 'Standard Massachusetts permit required to reconnect local water piping to citys water supply'); 
INSERT INTO Renovation_Permit VALUES
    (10003, 'Electric Reconnection Permit', 'Standard Massachusetts permit required to reconnect local electric wiring to city electric grid'); 
INSERT INTO Renovation_Permit VALUES
    (10004, 'Gas Reconnection Permit', 'Standard Massachusetts permit required to reconnect local gas lines to city gas lines');
    

INSERT INTO Service VALUES
	(12345, 00300, 'Wheat Noodles', 8);
INSERT INTO Service VALUES
	(23456, 00301, 'Gyhua Beef', 5);
INSERT INTO Service VALUES
	(34567, 00302, 'White Rice', 6);
INSERT INTO Service VALUES
	(45678, 00303, 'Tomato', 7);
INSERT INTO Service VALUES
	(56789, 00304, 'Beef Base', 9);
    
    
INSERT INTO Usage VALUES
	(03000, 00001, 00300, 25);
INSERT INTO Usage VALUES
	(03001, 00004, 00301, 10);
INSERT INTO Usage VALUES
	(03002, 00006, 00302, 98);
INSERT INTO Usage VALUES
	(03003, 00008, 00303, 63);
INSERT INTO Usage VALUES
	(03004, 00010, 00304, 40);
